tag,classification_id,name,category_id,admin_id,client_id,user_id,manufacturer_id,model_id,supplier_id,status_id,location_id,purchase_date,WARRANTY_MONTHS,SERIAL,NOTES,CUSTOMFIELDS,QRVALUE
1,,A.C Cassette 5 PK Merk Daikin/ R.Rapat Manajemen D,A.C. Sentral,,,,,,,,,,,,,,
1,,Daikin,A.C. Split,,,,,,,,,,,,,,
2,,Daikin,A.C. Split,,,,,,,,,,,,,,
3,,Daikin,A.C. Split,,,,,,,,,,,,,,
4,,Daikin,A.C. Split,,,,,,,,,,,,,,
5,,Daikin,A.C. Split,,,,,,,,,,,,,,
6,,Daikin,A.C. Split,,,,,,,,,,,,,,
7,,Daikin,A.C. Split,,,,,,,,,,,,,,
8,,Daikin,A.C. Split,,,,,,,,,,,,,,
9,,Daikin,A.C. Split,,,,,,,,,,,,,,
10,,Daikin,A.C. Split,,,,,,,,,,,,,,
11,,Daikin,A.C. Split,,,,,,,,,,,,,,
12,,Daikin,A.C. Split,,,,,,,,,,,,,,
13,,Daikin,A.C. Split,,,,,,,,,,,,,,
14,,Daikin,A.C. Split,,,,,,,,,,,,,,
15,,Daikin,A.C. Split,,,,,,,,,,,,,,
16,,Daikin,A.C. Split,,,,,,,,,,,,,,
17,,Daikin,A.C. Split,,,,,,,,,,,,,,
18,,Daikin,A.C. Split,,,,,,,,,,,,,,
19,,Daikin,A.C. Split,,,,,,,,,,,,,,
20,,Daikin,A.C. Split,,,,,,,,,,,,,,
21,,Daikin,A.C. Split,,,,,,,,,,,,,,
22,,AC Ceiling Cassette 5 PK Cariving Room,A.C. Split,,,,,,,,,,,,,,
23,,AC Standing Floor 5PK Ruang Restoran,A.C. Split,,,,,,,,,,,,,,
24,,AC Standing Floor 5PK Ruang Restoran,A.C. Split,,,,,,,,,,,,,,
25,,"AC Split Wall 2,5 PK Kitchen",A.C. Split,,,,,,,,,,,,,,
26,,"AC Split Wall 2,5 PK Kitchen",A.C. Split,,,,,,,,,,,,,,
27,,"AC Split Wall 2,5 PK Kitchen",A.C. Split,,,,,,,,,,,,,,
28,,"AC Split Wall 2,5 PK Kitchen",A.C. Split,,,,,,,,,,,,,,
29,,"AC Split Wall 2,5 PK Kitchen",A.C. Split,,,,,,,,,,,,,,
30,,AC Cassette 2PK Carving Room,A.C. Split,,,,,,,,,,,,,,
31,,AC Split Wall 2 PK,A.C. Split,,,,,,,,,,,,,,
32,,AC Split Wall 2 PK,A.C. Split,,,,,,,,,,,,,,
33,,AC Split Wall 2 PK,A.C. Split,,,,,,,,,,,,,,
34,,AC Split Wall 2 PK,A.C. Split,,,,,,,,,,,,,,
35,,AC Split Wall 2 PK,A.C. Split,,,,,,,,,,,,,,
36,,AC Split Wall 2 PK,A.C. Split,,,,,,,,,,,,,,
37,,AC Split Wall 1 PK Ruang Tamu Direktur,A.C. Split,,,,,,,,,,,,,,
38,,AC Sharp 2 PK (Perpus),A.C. Split,,,,,,,,,,,,,,
39,,AC Sharp 2 PK (Perpus),A.C. Split,,,,,,,,,,,,,,
40,,AC Sharp 2 PK (Perpus),A.C. Split,,,,,,,,,,,,,,
41,,AC Sharp 1 PK (Adum),A.C. Split,,,,,,,,,,,,,,
42,,AC Daikin 1/2 PK FTV15sav R32 Malaysia/ Rmh Plt.Di,A.C. Split,,,,,,,,,,,,,,
43,,AC Daikin 1/2 PK FTV15sav R32 Malaysia/ Rmh Plt.Di,A.C. Split,,,,,,,,,,,,,,
44,,AC Merk Daikin 1 PK / Food Center,A.C. Split,,,,,,,,,,,,,,
1,,Mesin Genset Food Truck,Genset,,,,,,,,,,,,,,
2,,Genset Model C 550 D5e/QSX 15 400Kw /500KVA Prime,Genset,,,,,,,,,,,,,,
3,,GENSET 500 KVA,Genset,,,,,,,,,,,,,,
,,"TV Led 48""",Televisi,,,,,,,,,,,,,,
,,"TV Led 48""",Televisi,,,,,,,,,,,,,,
,,TV LED 32 Inch untuk CCTV,Televisi,,,,,,,,,,,,,,
,,TV LED 32 Inch untuk CCTV,Televisi,,,,,,,,,,,,,,
,,TV LED 32 Inch+Braket Food Truck,Televisi,,,,,,,,,,,,,,
,,TV MERK SAMSUNG FLAT 4K UHD SMART TV 58,Televisi,,,,,,,,,,,,,,
,,TV MERK SAMSUNG FLAT 4K UHD SMART TV 58,Televisi,,,,,,,,,,,,,,
,,TV MERK SAMSUNG FLAT 4K UHD SMART TV 58,Televisi,,,,,,,,,,,,,,
,,TV MERK SAMSUNG FLAT 4K UHD SMART TV 58,Televisi,,,,,,,,,,,,,,
,,TV MERK SAMSUNG FLAT 4K UHD SMART TV 58,Televisi,,,,,,,,,,,,,,
,,"TV MERK SAMSUNG 43""",Televisi,,,,,,,,,,,,,,
,,"TV MERK SAMSUNG 43""",Televisi,,,,,,,,,,,,,,
,,"TV MERK SAMSUNG 43""",Televisi,,,,,,,,,,,,,,
,,"TV MERK SAMSUNG 43""",Televisi,,,,,,,,,,,,,,
,,"TV MERK SAMSUNG 43""",Televisi,,,,,,,,,,,,,,
,,"TV MERK SAMSUNG 43""",Televisi,,,,,,,,,,,,,,
,,"TV MERK SAMSUNG 43""",Televisi,,,,,,,,,,,,,,
,,"TV MERK SAMSUNG 43""",Televisi,,,,,,,,,,,,,,
,,"TV MERK SAMSUNG 43""",Televisi,,,,,,,,,,,,,,
,,"TV MERK SAMSUNG 43""",Televisi,,,,,,,,,,,,,,
,,"TV MERK SAMSUNG 43""",Televisi,,,,,,,,,,,,,,
,,"TV MERK SAMSUNG 43""",Televisi,,,,,,,,,,,,,,
,,"TV MERK SAMSUNG 43""",Televisi,,,,,,,,,,,,,,
,,PHILIP VIDEO WALL DISPLAY (AMPHITHEATRE),Televisi,,,,,,,,,,,,,,
,,PHILIP VIDEO WALL DISPLAY (AMPHITHEATRE),Televisi,,,,,,,,,,,,,,
,,PHILIP VIDEO WALL DISPLAY (AMPHITHEATRE),Televisi,,,,,,,,,,,,,,
,,PHILIP VIDEO WALL DISPLAY (AMPHITHEATRE),Televisi,,,,,,,,,,,,,,
,,PHILIP VIDEO WALL DISPLAY (AMPHITHEATRE),Televisi,,,,,,,,,,,,,,
,,PHILIP VIDEO WALL DISPLAY (AMPHITHEATRE),Televisi,,,,,,,,,,,,,,
,,PHILIP VIDEO WALL DISPLAY (AMPHITHEATRE),Televisi,,,,,,,,,,,,,,
,,PHILIP VIDEO WALL DISPLAY (AMPHITHEATRE),Televisi,,,,,,,,,,,,,,
,,PHILIP VIDEO WALL DISPLAY (AMPHITHEATRE),Televisi,,,,,,,,,,,,,,
,,PHILIP VIDEO WALL DISPLAY (AMPHITHEATRE),Televisi,,,,,,,,,,,,,,
,,PHILIP VIDEO WALL DISPLAY (AMPHITHEATRE),Televisi,,,,,,,,,,,,,,
,,PHILIP VIDEO WALL DISPLAY (AMPHITHEATRE),Televisi,,,,,,,,,,,,,,
,,PHILIP VIDEO WALL DISPLAY (AMPHITHEATRE),Televisi,,,,,,,,,,,,,,
,,PHILIP VIDEO WALL DISPLAY (AMPHITHEATRE),Televisi,,,,,,,,,,,,,,
,,PHILIP VIDEO WALL DISPLAY (AMPHITHEATRE),Televisi,,,,,,,,,,,,,,
,,PHILIP VIDEO WALL DISPLAY (AMPHITHEATRE),Televisi,,,,,,,,,,,,,,
,,PHILIP VIDEO WALL DISPLAY (AMPHITHEATRE),Televisi,,,,,,,,,,,,,,
,,PHILIPS VIDEO WALL DISPLAY (AMPHITHEATRE),Televisi,,,,,,,,,,,,,,
,,"TV LED Smart TV,43 in,MERK LG TYPE 43UP7550PTC.ATI",Televisi,,,,,,,,,,,,,,
,,"TV LED Smart TV,43 in,MERK LG TYPE 43UP7550PTC.ATI",Televisi,,,,,,,,,,,,,,
,,"TV LED Smart TV,43 in,MERK LG TYPE 43UP7550PTC.ATI",Televisi,,,,,,,,,,,,,,
,,"TV LED Smart TV,43 in,MERK LG TYPE 43UP7550PTC.ATI",Televisi,,,,,,,,,,,,,,
,,"TV LED Smart TV,43 in,MERK LG TYPE 43UP7550PTC.ATI",Televisi,,,,,,,,,,,,,,
,,"TV LED Smart TV,43 in,MERK LG TYPE 43UP7550PTC.ATI",Televisi,,,,,,,,,,,,,,
,,"TV LED Smart TV,43 in,MERK LG TYPE 43UP7550PTC.ATI",Televisi,,,,,,,,,,,,,,
,,"TV LED Smart TV,43 in,MERK LG TYPE 43UP7550PTC.ATI",Televisi,,,,,,,,,,,,,,
,,"TV LED Smart TV,43 in,MERK LG TYPE 43UP7550PTC.ATI",Televisi,,,,,,,,,,,,,,
,,"TV LED Smart TV,43 in,MERK LG TYPE 43UP7550PTC.ATI",Televisi,,,,,,,,,,,,,,
,,"TV LED Smart TV,43 in,MERK LG TYPE 43UP7550PTC.ATI",Televisi,,,,,,,,,,,,,,
,,"TV LED Smart TV,43 in,MERK LG TYPE 43UP7550PTC.ATI",Televisi,,,,,,,,,,,,,,
,,"TV LED Smart TV,43 in,MERK LG TYPE 43UP7550PTC.ATI",Televisi,,,,,,,,,,,,,,
,,"TV LED Smart TV,43 in,MERK LG TYPE 43UP7550PTC.ATI",Televisi,,,,,,,,,,,,,,
,,"TV LED Smart TV,43 in,MERK LG TYPE 43UP7550PTC.ATI",Televisi,,,,,,,,,,,,,,
,,"TV LED Smart TV,43 in,MERK LG TYPE 43UP7550PTC.ATI",Televisi,,,,,,,,,,,,,,
,,"TV LED Smart TV,43 in,MERK LG TYPE 43UP7550PTC.ATI",Televisi,,,,,,,,,,,,,,
,,"TV LED Smart TV,43 in,MERK LG TYPE 43UP7550PTC.ATI",Televisi,,,,,,,,,,,,,,
,,"TV LED Smart TV,43 in,MERK LG TYPE 43UP7550PTC.ATI",Televisi,,,,,,,,,,,,,,
,,"TV LED Smart TV,43 in,MERK LG TYPE 43UP7550PTC.ATI",Televisi,,,,,,,,,,,,,,
,,"TV LED Smart TV,43 in,MERK LG TYPE 43UP7550PTC.ATI",Televisi,,,,,,,,,,,,,,
,,"TV LED Smart TV,43 in,MERK LG TYPE 43UP7550PTC.ATI",Televisi,,,,,,,,,,,,,,
,,"TV LED Smart TV,43 in,MERK LG TYPE 43UP7550PTC.ATI",Televisi,,,,,,,,,,,,,,
,,"TV LED Smart TV,43 in,MERK LG TYPE 43UP7550PTC.ATI",Televisi,,,,,,,,,,,,,,
,,"TV LED Smart TV,43 in,MERK LG TYPE 43UP7550PTC.ATI",Televisi,,,,,,,,,,,,,,
,,"TV LED Smart TV,43 in,MERK LG TYPE 43UP7550PTC.ATI",Televisi,,,,,,,,,,,,,,
,,"TV LED Smart TV,43 in,MERK LG TYPE 43UP7550PTC.ATI",Televisi,,,,,,,,,,,,,,
,,"TV LED Smart TV,43 in,MERK LG TYPE 43UP7550PTC.ATI",Televisi,,,,,,,,,,,,,,
,,"TV LED Smart TV,43 in,MERK LG TYPE 43UP7550PTC.ATI",Televisi,,,,,,,,,,,,,,
,,"TV LED Smart TV,43 in,MERK LG TYPE 43UP7550PTC.ATI",Televisi,,,,,,,,,,,,,,
,,"TV LED Smart TV,43 in,MERK LG TYPE 43UP7550PTC.ATI",Televisi,,,,,,,,,,,,,,
,,"TV LED Smart TV,43 in,MERK LG TYPE 43UP7550PTC.ATI",Televisi,,,,,,,,,,,,,,
,,"TV LED Smart TV,43 in,MERK LG TYPE 43UP7550PTC.ATI",Televisi,,,,,,,,,,,,,,
,,"TV LED Smart TV,43 in,MERK LG TYPE 43UP7550PTC.ATI",Televisi,,,,,,,,,,,,,,
,,"TV LED Smart TV,43 in,MERK LG TYPE 43UP7550PTC.ATI",Televisi,,,,,,,,,,,,,,
,,"TV LED Smart TV,43 in,MERK LG TYPE 43UP7550PTC.ATI",Televisi,,,,,,,,,,,,,,
,,"TV LED Smart TV,43 in,MERK LG TYPE 43UP7550PTC.ATI",Televisi,,,,,,,,,,,,,,
,,"TV LED Smart TV,43 in,MERK LG TYPE 43UP7550PTC.ATI",Televisi,,,,,,,,,,,,,,
,,"TV LED Smart TV,43 in,MERK LG TYPE 43UP7550PTC.ATI",Televisi,,,,,,,,,,,,,,
,,"TV LED Smart TV,43 in,MERK LG TYPE 43UP7550PTC.ATI",Televisi,,,,,,,,,,,,,,
,,"TV LED Smart TV,43 in,MERK LG TYPE 43UP7550PTC.ATI",Televisi,,,,,,,,,,,,,,
,,"TV LED Smart TV,43 in,MERK LG TYPE 43UP7550PTC.ATI",Televisi,,,,,,,,,,,,,,
,,"TV LED Smart TV,43 in,MERK LG TYPE 43UP7550PTC.ATI",Televisi,,,,,,,,,,,,,,
,,"TV LED Smart TV,43 in,MERK LG TYPE 43UP7550PTC.ATI",Televisi,,,,,,,,,,,,,,
,,"TV LED Smart TV,43 in,MERK LG TYPE 43UP7550PTC.ATI",Televisi,,,,,,,,,,,,,,
,,"TV LED Smart TV,55 in,MERK LG TYPE 55UP7550PTC.ATI",Televisi,,,,,,,,,,,,,,
,,"TV LED Smart TV,55 in,MERK LG TYPE 55UP7550PTC.ATI",Televisi,,,,,,,,,,,,,,
,,"TV LED Smart TV,55 in,MERK LG TYPE 55UP7550PTC.ATI",Televisi,,,,,,,,,,,,,,
,,"TV LED Smart TV,55 in,MERK LG TYPE 55UP7550PTC.ATI",Televisi,,,,,,,,,,,,,,
,,"TV LED Smart TV,55 in,MERK LG TYPE 55UP7550PTC.ATI",Televisi,,,,,,,,,,,,,,
,,"TV LED Smart TV,55 in,MERK LG TYPE 55UP7550PTC.ATI",Televisi,,,,,,,,,,,,,,
,,"TV LED Smart TV,55 in,MERK LG TYPE 55UP7550PTC.ATI",Televisi,,,,,,,,,,,,,,
,,"TV LED Smart TV,55 in,MERK LG TYPE 55UP7550PTC.ATI",Televisi,,,,,,,,,,,,,,
,,"TV LED Smart TV,55 in,MERK LG TYPE 55UP7550PTC.ATI",Televisi,,,,,,,,,,,,,,
,,"TV LED Smart TV,55 in,MERK LG TYPE 55UP7550PTC.ATI",Televisi,,,,,,,,,,,,,,
,,"TV LED Smart TV,55 in,MERK LG TYPE 55UP7550PTC.ATI",Televisi,,,,,,,,,,,,,,
,,"TV LED Smart TV,55 in,MERK LG TYPE 55UP7550PTC.ATI",Televisi,,,,,,,,,,,,,,
,,"TV LED Smart TV,55 in,MERK LG TYPE 55UP7550PTC.ATI",Televisi,,,,,,,,,,,,,,
,,"TV LED Smart TV,55 in,MERK LG TYPE 55UP7550PTC.ATI",Televisi,,,,,,,,,,,,,,
,,"TV LED Smart TV,55 in,MERK LG TYPE 55UP7550PTC.ATI",Televisi,,,,,,,,,,,,,,
,,"TV LED Smart TV,55 in,MERK LG TYPE 55UP7550PTC.ATI",Televisi,,,,,,,,,,,,,,
,,"TV LED Smart TV,55 in,MERK LG TYPE 55UP7550PTC.ATI",Televisi,,,,,,,,,,,,,,
,,"TV LED Smart TV,55 in,MERK LG TYPE 55UP7550PTC.ATI",Televisi,,,,,,,,,,,,,,
,,"TV LED Smart TV,55 in,MERK LG TYPE 55UP7550PTC.ATI",Televisi,,,,,,,,,,,,,,
,,"TV LED Smart TV,55 in,MERK LG TYPE 55UP7550PTC.ATI",Televisi,,,,,,,,,,,,,,
,,"TV LED Smart TV,55 in,MERK LG TYPE 55UP7550PTC.ATI",Televisi,,,,,,,,,,,,,,
,,"TV LED Smart TV,55 in,MERK LG TYPE 55UP7550PTC.ATI",Televisi,,,,,,,,,,,,,,
,,"TV LED Smart TV,55 in,MERK LG TYPE 55UP7550PTC.ATI",Televisi,,,,,,,,,,,,,,
,,"TV LED Smart TV,55 in,MERK LG TYPE 55UP7550PTC.ATI",Televisi,,,,,,,,,,,,,,
,,"TV LED Smart TV,55 in,MERK LG TYPE 55UP7550PTC.ATI",Televisi,,,,,,,,,,,,,,
,,"TV LED Smart TV,55 in,MERK LG TYPE 55UP7550PTC.ATI",Televisi,,,,,,,,,,,,,,
,,"TV LED Smart TV,55 in,MERK LG TYPE 55UP7550PTC.ATI",Televisi,,,,,,,,,,,,,,
,,"TV LED Smart TV,55 in,MERK LG TYPE 55UP7550PTC.ATI",Televisi,,,,,,,,,,,,,,
,,"TV LED Smart TV,55 in,MERK LG TYPE 55UP7550PTC.ATI",Televisi,,,,,,,,,,,,,,
,,"TV LED Smart TV,55 in,MERK LG TYPE 55UP7550PTC.ATI",Televisi,,,,,,,,,,,,,,
,,"TV LED Smart TV,55 in,MERK LG TYPE 55UP7550PTC.ATI",Televisi,,,,,,,,,,,,,,
,,"TV LED Smart TV,55 in,MERK LG TYPE 55UP7550PTC.ATI",Televisi,,,,,,,,,,,,,,
,,"TV LED Smart TV,55 in,MERK LG TYPE 55UP7550PTC.ATI",Televisi,,,,,,,,,,,,,,
,,"TV LED Smart TV,55 in,MERK LG TYPE 55UP7550PTC.ATI",Televisi,,,,,,,,,,,,,,
,,"TV LED Smart TV,55 in,MERK LG TYPE 55UP7550PTC.ATI",Televisi,,,,,,,,,,,,,,
,,"TV LED Smart TV,55 in,MERK LG TYPE 55UP7550PTC.ATI",Televisi,,,,,,,,,,,,,,
,,"TV LED Smart TV,55 in,MERK LG TYPE 55UP7550PTC.ATI",Televisi,,,,,,,,,,,,,,
,,"TV LED Smart TV,55 in,MERK LG TYPE 55UP7550PTC.ATI",Televisi,,,,,,,,,,,,,,
,,"TV LED Smart TV,55 in,MERK LG TYPE 55UP7550PTC.ATI",Televisi,,,,,,,,,,,,,,
,,"TV untuk Security Display Type LG, LM 550 Monitor 32"" and wall Bracet (For Gate Security House)",Televisi,,,,,,,,,,,,,,
,,SAMSUNG SMART TV 98Q80C+ BRACKET,Televisi,,,,,,,,,,,,,,
,,SAMSUNG SMART TV 98Q80C+ BRACKET,Televisi,,,,,,,,,,,,,,
,,ADVANCE SMART TV ANDROID ADV-2430A LED DIGITAL 24 INCH  HD,Televisi,,,,,,,,,,,,,,
,,ADVANCE SMART TV ANDROID ADV-2430A LED DIGITAL 24 INCH  HD,Televisi,,,,,,,,,,,,,,
,,Dishwashing Machine Capacity 60 Tray/Jam Merk Come,Mesin Cuci,,,,,,,,,,,,,,
,,Washer Extractor Electric Medium Speed Merk Power,Mesin Cuci,,,,,,,,,,,,,,
,,Washer Extractor Electric Medium Speed Merk Power,Mesin Cuci,,,,,,,,,,,,,,
,,Washer Extractor Electric Medium Speed Merk Power,Mesin Cuci,,,,,,,,,,,,,,
,,Washer Extractor Electric Medium Speed Merk Power,Mesin Cuci,,,,,,,,,,,,,,
,,Washer Extractor Electric Medium Speed Merk Poweli,Mesin Cuci,,,,,,,,,,,,,,
,,Washer Extractor Electric Medium Speed Merk Poweli,Mesin Cuci,,,,,,,,,,,,,,
,,Washer Extractor Profesional Electric High Spin,Mesin Cuci,,,,,,,,,,,,,,
,,Industrialgas Economic High Efficiency Tumble Drye,Mesin Cuci,,,,,,,,,,,,,,
,,Industrialgas Economic High Efficiency Tumble Drye,Mesin Cuci,,,,,,,,,,,,,,
,,Industrialgas Economic High Efficiency Tumble Drye,Mesin Cuci,,,,,,,,,,,,,,
,,Mesin Cuci Sharp Esm 909 Tgg 9kg 1 Tabung Hitam,Mesin Cuci,,,,,,,,,,,,,,
,,Dishwashing Machine Hood Type,Mesin Cuci,,,,,,,,,,,,,,
,,"Conveyor Dishwashing 1 Tank , GTEK, GT-CR1-BUV / Kitchen & Resto Oriental",Mesin Cuci,,,,,,,,,,,,,,
,,Kettle Gray White Kec-1007,Teko Listrik,,,,,,,,,,,,,,
,,GETRA COFFEE / TEA WARMER CM- 0521,Teko Listrik,,,,,,,,,,,,,,
,,GETRA COFFEE / TEA WARMER CM- 0521,Teko Listrik,,,,,,,,,,,,,,
,,Brewista Kettle LIMITED CANDY EDITION - Candy Purpl electric Gooseneck kettle 600 ml,Teko Listrik,,,,,,,,,,,,,,
,,Brewista Kettle LIMITED CANDY EDITION - Candy Purpl electric Gooseneck kettle 600 ml,Teko Listrik,,,,,,,,,,,,,,
,,"Brewista Gooseneck Coffe Kettle, Brewista, 1000 ml / Kitchen & Resto Oriental",Teko Listrik,,,,,,,,,,,,,,
,,"Brewista Gooseneck Coffe Kettle, Brewista, 1000 ml / Kitchen & Resto Oriental",Teko Listrik,,,,,,,,,,,,,,
,,"Brewista Gooseneck Coffe Kettle, Brewista, 1000 ml / Kitchen & Resto Oriental",Teko Listrik,,,,,,,,,,,,,,
,,"Brewista Gooseneck Coffe Kettle, Brewista, 1000 ml / Kitchen & Resto Oriental",Teko Listrik,,,,,,,,,,,,,,
,,"Brewista Gooseneck Coffe Kettle, Brewista, 1000 ml / Kitchen & Resto Oriental",Teko Listrik,,,,,,,,,,,,,,
,,"Brewista Gooseneck Coffe Kettle, Brewista, 1000 ml / Kitchen & Resto Oriental",Teko Listrik,,,,,,,,,,,,,,
,,"Brewista Gooseneck Coffe Kettle, Brewista, 1000 ml / Kitchen & Resto Oriental",Teko Listrik,,,,,,,,,,,,,,
,,"Brewista Gooseneck Coffe Kettle, Brewista, 1000 ml / Kitchen & Resto Oriental",Teko Listrik,,,,,,,,,,,,,,
,,"Brewista Gooseneck Coffe Kettle, Brewista, 1000 ml / Kitchen & Resto Oriental",Teko Listrik,,,,,,,,,,,,,,
,,"Brewista Gooseneck Coffe Kettle, Brewista, 1000 ml / Kitchen & Resto Oriental",Teko Listrik,,,,,,,,,,,,,,
,,"Rice Cooker, Miyako MCG 171, Kap 6kg",Rice Cooker (Alat Dapur),,,,,,,,,,,,,,
,,Gas Auto Rice Cooker 3 Deck/ Fujimak FRC21FA,Rice Cooker (Alat Dapur),,,,,,,,,,,,,,
,,S/S Gas Deck Rice Cooker Capacity 3X7 L,Rice Cooker (Alat Dapur),,,,,,,,,,,,,,
,,"Gas Rice Cooker,Gas compsution 7.8 KW(26.6 BTU/H)",Rice Cooker (Alat Dapur),,,,,,,,,,,,,,
,,"Gas Rice Cooker,Gas compsution 7.8 KW(26.6 BTU/H)",Rice Cooker (Alat Dapur),,,,,,,,,,,,,,
,,"Magic Com Miyako Kapasitas 16,7 Liter",Rice Cooker (Alat Dapur),,,,,,,,,,,,,,
,,Baking Oven 2 Deck,Oven Listrik,,,,,,,,,,,,,,
,,Electric Combi Oven Capacity 7 Tray GN 1/1,Oven Listrik,,,,,,,,,,,,,,
,,Proving Machine / STP Bali,Oven Listrik,,,,,,,,,,,,,,
,,Electric Proofer Cabinet 1 Door Merk Sinmag SM-32S,Oven Listrik,,,,,,,,,,,,,,
,,Proofer Machine Capacity 15 Tray Primax PCH-10501,Oven Listrik,,,,,,,,,,,,,,
,,"Microwave,MERK SAMSUNG TYPE MS30T5018UK",Oven Listrik,,,,,,,,,,,,,,
,,"Electric Combi Oven 6 Tray Gn 1/1,Merk Convotherm",Oven Listrik,,,,,,,,,,,,,,
,,Microwave Oven With Grill Merk Sharp R-751GX (BS) / Koperasi,Oven Listrik,,,,,,,,,,,,,,
,,MICROWAVE SILVER 23LTR / HIBAH STED,Oven Listrik,,,,,,,,,,,,,,
,,"3 Deck Oven, Sinmag, MB 823 / Kitchen & Resto Oriental",Oven Listrik,,,,,,,,,,,,,,
,,"Electric Proofer Cabinet 1 Door, Sinmag, SM-40SP / Kitchen & Resto Oriental",Oven Listrik,,,,,,,,,,,,,,
,,Mixer Capacity Bolw 20 liter,Mixer,,,,,,,,,,,,,,
,,Mixer Capacitas Bowl 20 Ltr,Mixer,,,,,,,,,,,,,,
,,Mixer 12 ch Food Truck,Mixer,,,,,,,,,,,,,,
,,"Mixer, Getra B 20 F, Kap 6kg",Mixer,,,,,,,,,,,,,,
,,Planetary Mixer Cap 20 L Merk Sinmag SM-201,Mixer,,,,,,,,,,,,,,
,,Sprial Mixer Cap 25 Liter Merk Sinmag SM-25,Mixer,,,,,,,,,,,,,,
,,Planetary Mixer Cap 20 Liter Merk Sinmag SM-201,Mixer,,,,,,,,,,,,,,
,,"Industrial Planetary Mixer Capacity 30 Quart 28,4l",Mixer,,,,,,,,,,,,,,
,,Industrial Planetary Mixer Capacity Quart Merk SPA,Mixer,,,,,,,,,,,,,,
,,Industrial Planetary Mixer Capacity Quart Merk SPA,Mixer,,,,,,,,,,,,,,
,,Industrial Planetary Mixer Capacity Quart Merk SPA,Mixer,,,,,,,,,,,,,,
,,Industrial Planetary Mixer Capacity Quart Merk SPA,Mixer,,,,,,,,,,,,,,
,,Industrial Planetary Mixer Capacity Quart Merk SPA,Mixer,,,,,,,,,,,,,,
,,Industrial Planetary Mixer Capacity Quart Merk SPA,Mixer,,,,,,,,,,,,,,
,,Industrial Planetary Mixer Capacity Quart Merk SPA,Mixer,,,,,,,,,,,,,,
,,Industrial Planetary Mixer Capacity Quart Merk SPA,Mixer,,,,,,,,,,,,,,
,,Industrial Planetary Mixer Capacity Quart Merk SPA,Mixer,,,,,,,,,,,,,,
,,Midas M32R 32CH Digital Mixer/ R.Amphiteater,Mixer,,,,,,,,,,,,,,
,,Hand Mixer / STP Bali,Mixer,,,,,,,,,,,,,,
,,Hand Mixer / STP Bali,Mixer,,,,,,,,,,,,,,
,,Hand Mixer / STP Bali,Mixer,,,,,,,,,,,,,,
,,Hand Mixer / STP Bali,Mixer,,,,,,,,,,,,,,
,,Hand Mixer / STP Bali,Mixer,,,,,,,,,,,,,,
,,Hand Mixer / STP Bali,Mixer,,,,,,,,,,,,,,
,,Hand Mixer / STP Bali,Mixer,,,,,,,,,,,,,,
,,Hand Mixer / STP Bali,Mixer,,,,,,,,,,,,,,
,,Hand Mixer / STP Bali,Mixer,,,,,,,,,,,,,,
,,Hand Mixer / STP Bali,Mixer,,,,,,,,,,,,,,
,,"Stand Mixer, Oxone Ox855, Kap 2Liter",Mixer,,,,,,,,,,,,,,
,,"Planetary Mixer, Sinmag, SM 401 / Kitchen & Resto Oriental",Mixer,,,,,,,,,,,,,,
,,Gas Oven 3 Deck Merk Sinmag MB-823,Oven Gas,,,,,,,,,,,,,,
,,Gas Convection Oven 10 Trays Merk Sinmag SM-710G,Oven Gas,,,,,,,,,,,,,,
,,Gas Combi Steamer 6 Trays / Rational SCC61G,Oven Gas,,,,,,,,,,,,,,
,,Gas Oven 3 Decks Capacity 2 Tray/Deck 400x600 MM,Oven Gas,,,,,,,,,,,,,,
,,Gas Combi Steamer / Kitchen & Resto Oriental,Oven Gas,,,,,,,,,,,,,,
,,Meat Mincer Capacity 300 kG/Jam GSM100 Uk.470x222x,Mesin Giling Daging,,,,,,,,,,,,,,
,,Meat Slicer Diameter 300mm Merk Rewebo SWM300 C Uk,Mesin Giling Daging,,,,,,,,,,,,,,
,,"Meat Grinder, Getra TC 12C",Mesin Giling Daging,,,,,,,,,,,,,,
,,"Meat Grinder, Sirman, TC 22 E / Kitchen & Resto Oriental",Mesin Giling Daging,,,,,,,,,,,,,,
,,"Meat Slicer, Sirman, Mirra 300 Y09 / Kitchen & Resto Oriental",Mesin Giling Daging,,,,,,,,,,,,,,
,,Speaker - Marshall Standmore II- Black/ UKM Musik,Loudspeaker,,,,,,,,,,,,,,
,,Speaker Harman Kardon Onyx Studio 7 / Unit Bahasa,Loudspeaker,,,,,,,,,,,,,,
,,SPEAKER LOGITECH Z337/ HIBAH STED,Loudspeaker,,,,,,,,,,,,,,
,,SPEAKER LOGITECH Z337/ HIBAH STED,Loudspeaker,,,,,,,,,,,,,,
,,Sound Portable Amplier USB,Sound System,,,,,,,,,,,,,,
,,Speaker Aktif Dengan Tiang,Sound System,,,,,,,,,,,,,,
,,Speaker Aktif Dengan Tiang,Sound System,,,,,,,,,,,,,,
,,"Speaker Active 15"" Seer PA 15II RMS Power 800w",Sound System,,,,,,,,,,,,,,
,,"Speaker Active 15"" Seer PA 15II RMS Power 800w",Sound System,,,,,,,,,,,,,,
,,"Sound Speaker Active 15""/Kaki/Kabel/ Food Truck",Sound System,,,,,,,,,,,,,,
,,Speaker portable Merk Behringer MPA-100BT,Sound System,,,,,,,,,,,,,,
,,Speaker portable Merk Behringer MPA-100BT,Sound System,,,,,,,,,,,,,,
,,Speaker portable Merk Behringer MPA-100BT,Sound System,,,,,,,,,,,,,,
,,Speaker portable Merk Behringer MPA-100BT,Sound System,,,,,,,,,,,,,,
,,Sound Merk Aubern Powered Portable Speaker BE-15CXR,Sound System,,,,,,,,,,,,,,
,,ZOAN RT-LW15 Portable Speaker - 15 Inch Subwoofer - 1 Inch Tweeter - 120 RMS - 2x Wireless Mic,Sound System,,,,,,,,,,,,,,
,,ZOAN RT-LW15 Portable Speaker - 15 Inch Subwoofer - 1 Inch Tweeter - 120 RMS - 2x Wireless Mic,Sound System,,,,,,,,,,,,,,
,,PAKET SOUND SYSTEM PRIMATECH PROFESSIONAL SPEAKER PSS1043,Sound System,,,,,,,,,,,,,,
,,AUBERN COLUMN ARRAY SPEAKER LK-600 PRO,Sound System,,,,,,,,,,,,,,
,,AUBERN COLUMN ARRAY SPEAKER LK-600 PRO,Sound System,,,,,,,,,,,,,,
,,Megaphone TOA ZR-2930w,Megaphone,,,,,,,,,,,,,,
,,Megaphone (UPW),Megaphone,,,,,,,,,,,,,,
,,Megaphone (UPW),Megaphone,,,,,,,,,,,,,,
,,Megaphone (UPW),Megaphone,,,,,,,,,,,,,,
,,Megaphone (UPW),Megaphone,,,,,,,,,,,,,,
,,Industrial Dry Cleaning Machine 15KG Electric Hard,Mesin Pengering Pakaian,,,,,,,,,,,,,,
,,Dry Cleaning Utility Press Complete/ Power Line DC,Mesin Pengering Pakaian,,,,,,,,,,,,,,
,,Dry Cleaning Utility Press Complete/ Power Line DC,Mesin Pengering Pakaian,,,,,,,,,,,,,,
,,HAND DRAYER MERK KRISBOW 21x14.5x28.5 CM1000W,Mesin Pengering Tangan,,,,,,,,,,,,,,
,,HAND DRAYER MERK KRISBOW 21x14.5x28.5 CM1000W,Mesin Pengering Tangan,,,,,,,,,,,,,,
,,HAND DRAYER MERK KRISBOW 21x14.5x28.5 CM1000W,Mesin Pengering Tangan,,,,,,,,,,,,,,
,,HAND DRAYER MERK KRISBOW 21x14.5x28.5 CM1000W,Mesin Pengering Tangan,,,,,,,,,,,,,,
,,HAND DRAYER MERK KRISBOW 21x14.5x28.5 CM1000W,Mesin Pengering Tangan,,,,,,,,,,,,,,
,,HAND DRAYER MERK KRISBOW 21x14.5x28.5 CM1000W,Mesin Pengering Tangan,,,,,,,,,,,,,,
,,HAND DRAYER MERK KRISBOW 21x14.5x28.5 CM1000W,Mesin Pengering Tangan,,,,,,,,,,,,,,
,,HAND DRAYER MERK KRISBOW 21x14.5x28.5 CM1000W,Mesin Pengering Tangan,,,,,,,,,,,,,,
,,HAND DRAYER MERK KRISBOW 21x14.5x28.5 CM1000W,Mesin Pengering Tangan,,,,,,,,,,,,,,
,,HAND DRAYER MERK KRISBOW 21x14.5x28.5 CM1000W,Mesin Pengering Tangan,,,,,,,,,,,,,,
,,HAND DRAYER MERK KRISBOW 21x14.5x28.5 CM1000W,Mesin Pengering Tangan,,,,,,,,,,,,,,
,,HAND DRAYER MERK KRISBOW 21x14.5x28.5 CM1000W,Mesin Pengering Tangan,,,,,,,,,,,,,,
,,HAND DRAYER MERK KRISBOW 21x14.5x28.5 CM1000W,Mesin Pengering Tangan,,,,,,,,,,,,,,
,,HAND DRAYER MERK KRISBOW 21x14.5x28.5 CM1000W,Mesin Pengering Tangan,,,,,,,,,,,,,,
,,HAND DRAYER MERK KRISBOW 21x14.5x28.5 CM1000W,Mesin Pengering Tangan,,,,,,,,,,,,,,
,,HAND DRAYER MERK KRISBOW 21x14.5x28.5 CM1000W,Mesin Pengering Tangan,,,,,,,,,,,,,,
,,HAND DRAYER MERK KRISBOW 21x14.5x28.5 CM1000W,Mesin Pengering Tangan,,,,,,,,,,,,,,
,,HAND DRAYER MERK KRISBOW 21x14.5x28.5 CM1000W,Mesin Pengering Tangan,,,,,,,,,,,,,,
,,HAND DRAYER MERK KRISBOW 21x14.5x28.5 CM1000W,Mesin Pengering Tangan,,,,,,,,,,,,,,
,,HAND DRAYER MERK KRISBOW 21x14.5x28.5 CM1000W,Mesin Pengering Tangan,,,,,,,,,,,,,,
,,HAND DRAYER MERK KRISBOW 21x14.5x28.5 CM1000W,Mesin Pengering Tangan,,,,,,,,,,,,,,
,,HAND DRAYER MERK KRISBOW 21x14.5x28.5 CM1000W,Mesin Pengering Tangan,,,,,,,,,,,,,,
,,AUBERN AUDIO PROCESSOR MS- 8FX,Mixer Sound Sistem,,,,,,,,,,,,,,
,,AUBERN AUDIO PROCESSOR MS- 8FX,Mixer Sound Sistem,,,,,,,,,,,,,,
,,STABILIZER 1000VA-ST1000,Stabilizer,,,,,,,,,,,,,,
,,STABILIZER 1000VA-ST1000,Stabilizer,,,,,,,,,,,,,,
,,STABILIZER 1000VA-ST1000,Stabilizer,,,,,,,,,,,,,,
,,STABILIZER 1000VA-ST1000,Stabilizer,,,,,,,,,,,,,,
,,STABILIZER 1000VA-ST1000,Stabilizer,,,,,,,,,,,,,,
,,STABILIZER 1000VA-ST1000,Stabilizer,,,,,,,,,,,,,,
,,STABILIZER 1000VA-ST1000,Stabilizer,,,,,,,,,,,,,,
,,STABILIZER 1000VA-ST1000,Stabilizer,,,,,,,,,,,,,,
,,STABILIZER 1000VA-ST1000,Stabilizer,,,,,,,,,,,,,,
,,STABILIZER 1000VA-ST1000,Stabilizer,,,,,,,,,,,,,,
,,STABILIZER 1000VA-ST1000,Stabilizer,,,,,,,,,,,,,,
,,STABILIZER KAMERA TYPE LIBEC TH-G3,Stabilizer,,,,,,,,,,,,,,
,,Blower SC-900 3 Speed Air Blower Carpet Dryer,Mesin Pengering,,,,,,,,,,,,,,
,,Blower SC-900 3 Speed Air Blower Carpet Dryer,Mesin Pengering,,,,,,,,,,,,,,
,,Blower SC-900 3 Speed Air Blower Carpet Dryer,Mesin Pengering,,,,,,,,,,,,,,
,,Blower SC-900 3Speed Air Blower Carpet Dryer for Hotel,Mesin Pengering,,,,,,,,,,,,,,
,,Blower SC-900 3Speed Air Blower Carpet Dryer for Hotel,Mesin Pengering,,,,,,,,,,,,,,
,,"Dehydrator, EXCALIBUR, 4548CDFB/  / Kitchen & Resto Oriental",Mesin Pengering,,,,,,,,,,,,,,
,,Kozure MC-202L,Mesin Penghitung Uang,,,,,,,,,,,,,,
,,Mesin Cash Register Casio Food Truck,Mesin Penghitung Uang,,,,,,,,,,,,,,
